,Active_Power,Weather_Temperature_Celsius,Wind_Speed,Weather_Daily_Rainfall,Global_Horizontal_Radiation,Weather_Relative_Humidity,Wind_Direction,Diffuse_Horizontal_Radiation,Radiation_Diffuse_Tilted,Radiation_Global_Tilted,Active_Energy_Delivered_Received,Current_Phase_Average
Active_Power,1.0,0.37574918317591893,0.4534595725489538,,0.8658021599963808,-0.45602093911131203,0.0011466802459666214,0.3367800244930095,0.33490818350176316,0.9148719457105222,0.0908755113837535,0.9993070902970205
Weather_Temperature_Celsius,0.37574918317591893,1.0,0.6689919291611199,,0.5276771924720942,-0.3423695106171301,0.5058265562971782,0.5052327379349189,0.3517836982613589,0.37848792702300116,0.548547095060311,0.3730407634884818
Wind_Speed,0.4534595725489538,0.6689919291611199,1.0,,0.5733736282109184,-0.16259884084079596,0.4110175529031585,0.5198530564326272,0.38771074790779536,0.44927109388183756,0.45339274282347014,0.4491117104750421
Weather_Daily_Rainfall,,,,,,,,,,,,
Global_Horizontal_Radiation,0.8658021599963808,0.5276771924720942,0.5733736282109184,,1.0,-0.3662944986625164,0.16743538636682256,0.47902509072774513,0.402785759825663,0.9432632418682705,0.2527009982141507,0.8626969184909639
Weather_Relative_Humidity,-0.45602093911131203,-0.3423695106171301,-0.16259884084079596,,-0.3662944986625164,1.0,0.09512792146663605,-0.04125699655876107,-0.11910265628183289,-0.42801905676700913,-0.12246076133591743,-0.4581884307960708
Wind_Direction,0.0011466802459666214,0.5058265562971782,0.4110175529031585,,0.16743538636682256,0.09512792146663605,1.0,0.2665688433203695,0.12472055832982258,0.013582893661203944,0.5191713129834993,-0.0008660612693117911
Diffuse_Horizontal_Radiation,0.3367800244930095,0.5052327379349189,0.5198530564326272,,0.47902509072774513,-0.04125699655876107,0.2665688433203695,1.0,0.9063614567547774,0.3945481298385695,0.2614079534570645,0.32897820413646217
Radiation_Diffuse_Tilted,0.33490818350176316,0.3517836982613589,0.38771074790779536,,0.402785759825663,-0.11910265628183289,0.12472055832982258,0.9063614567547774,1.0,0.39204077450018454,0.1638450697224606,0.32690489335273043
Radiation_Global_Tilted,0.9148719457105222,0.37848792702300116,0.44927109388183756,,0.9432632418682705,-0.42801905676700913,0.013582893661203944,0.3945481298385695,0.39204077450018454,1.0,0.10993935611213931,0.9129651607819371
Active_Energy_Delivered_Received,0.0908755113837535,0.548547095060311,0.45339274282347014,,0.2527009982141507,-0.12246076133591743,0.5191713129834993,0.2614079534570645,0.1638450697224606,0.10993935611213931,1.0,0.08438032288295494
Current_Phase_Average,0.9993070902970205,0.3730407634884818,0.4491117104750421,,0.8626969184909639,-0.4581884307960708,-0.0008660612693117911,0.32897820413646217,0.32690489335273043,0.9129651607819371,0.08438032288295494,1.0
